n_estimators,max_features,score
100.0,15.0,0.806964585903
100.0,50.0,0.810432110757
100.0,100.0,0.811493620642
200.0,15.0,0.808863168196
200.0,50.0,0.812180601066
200.0,100.0,0.812849988252
300.0,15.0,0.809193828631
300.0,50.0,0.812778694235
300.0,100.0,0.813406897431
